appid,name,developer,publisher,score_rank,positive,negative,userscore,owners,average_forever,average_2weeks,median_forever,median_2weeks,price,initialprice,discount,languages,genre,ccu,tags
10,Counter-Strike,Valve,Valve,,193046,4940,0,"10,000,000 .. 20,000,000",8486,178,196,128,999.0,999.0,0.0,"English, French, German, Italian, Spanish - Spain, Simplified Chinese, Traditional Chinese, Korean",Action,16360,"{'Action': 5379, 'FPS': 4801, 'Multiplayer': 3362, 'Shooter': 3327, 'Classic': 2758, 'Team-Based': 1844, 'First-Person': 1692, 'Competitive': 1588, 'Tactical': 1323, ""1990's"": 1181, 'e-sports': 1173, 'PvP': 865, 'Old School': 751, 'Military': 623, 'Strategy': 604, 'Survival': 296, 'Score Attack': 285, '1980s': 256, 'Assassin': 223, 'Violent': 65}"
20,Team Fortress Classic,Valve,Valve,,5412,895,0,"5,000,000 .. 10,000,000",551,58,14,58,499.0,499.0,0.0,"English, French, German, Italian, Spanish - Spain, Korean, Russian, Simplified Chinese, Traditional Chinese",Action,87,"{'Action': 745, 'FPS': 306, 'Multiplayer': 257, 'Classic': 232, 'Hero Shooter': 213, 'Shooter': 206, 'Team-Based': 188, 'Class-Based': 181, 'First-Person': 169, ""1990's"": 132, 'Old School': 106, 'Co-op': 89, 'Competitive': 68, 'Fast-Paced': 61, 'Retro': 55, 'Online Co-Op': 51, 'Violent': 45, 'Mod': 36, 'Funny': 35, 'Remake': 35}"
30,Day of Defeat,Valve,Valve,,5003,556,0,"5,000,000 .. 10,000,000",421,73,23,73,499.0,499.0,0.0,"English, French, German, Italian, Spanish - Spain",Action,122,"{'FPS': 787, 'World War II': 248, 'Multiplayer': 202, 'Shooter': 187, 'Action': 159, 'War': 151, 'Team-Based': 131, 'Classic': 124, 'First-Person': 104, 'Class-Based': 77, 'Military': 64, 'Historical': 57, 'Tactical': 40, 'Singleplayer': 36, 'Co-op': 34, 'Difficult': 17, 'Old School': 15, 'World War I': 14, 'Retro': 13, 'Strategy': 13}"
40,Deathmatch Classic,Valve,Valve,,1852,412,0,"5,000,000 .. 10,000,000",318,0,7,0,499.0,499.0,0.0,"English, French, German, Italian, Spanish - Spain, Korean, Russian, Simplified Chinese, Traditional Chinese",Action,7,"{'Action': 629, 'FPS': 139, 'Classic': 107, 'Multiplayer': 96, 'Shooter': 94, 'First-Person': 70, 'Arena Shooter': 44, 'Old School': 33, 'Sci-fi': 33, 'Competitive': 23, 'Fast-Paced': 15, 'Retro': 14, 'Gore': 14, 'Co-op': 13, 'Difficult': 12, ""1990's"": 8}"
50,Half-Life: Opposing Force,Gearbox Software,Valve,,13262,662,0,"5,000,000 .. 10,000,000",676,0,150,0,499.0,499.0,0.0,"English, French, German, Korean",Action,122,"{'FPS': 881, 'Action': 322, 'Classic': 251, 'Sci-fi': 248, 'Singleplayer': 225, 'Shooter': 220, 'First-Person': 187, 'Aliens': 172, ""1990's"": 133, 'Adventure': 114, 'Atmospheric': 105, 'Military': 91, 'Story Rich': 74, 'Silent Protagonist': 65, 'Great Soundtrack': 50, 'Gore': 38, 'Puzzle': 35, 'Co-op': 31, 'Moddable': 29, 'Retro': 18}"
60,Ricochet,Valve,Valve,,3671,841,0,"5,000,000 .. 10,000,000",266,104,4,104,499.0,499.0,0.0,"English, French, German, Italian, Spanish - Spain, Korean, Russian, Simplified Chinese, Traditional Chinese",Action,8,"{'Action': 585, 'FPS': 128, 'Multiplayer': 104, 'Classic': 89, 'First-Person': 78, 'Sci-fi': 54, 'Shooter': 52, 'Space': 42, 'Cyberpunk': 38, 'Memes': 31, 'Platformer': 27, 'Psychological Horror': 26, '3D': 25, 'Conspiracy': 25, 'Old School': 23, 'Retro': 23, 'Cult Classic': 17, 'Competitive': 16, 'Sports': 10, 'Great Soundtrack': 8}"
70,Half-Life,Valve,Valve,,68921,2474,0,"5,000,000 .. 10,000,000",951,91,151,125,999.0,999.0,0.0,"English, French, German, Italian, Spanish - Spain, Simplified Chinese, Traditional Chinese, Korean",Action,693,"{'FPS': 2234, 'Sci-fi': 1764, ""1990's"": 1759, 'Singleplayer': 1758, 'Action': 1757, 'Multiplayer': 1757, 'Shooter': 1750, 'Classic': 1743, 'First-Person': 1743, 'Story Rich': 1740, 'Aliens': 1735, 'Silent Protagonist': 1733, 'Atmospheric': 1728, 'Adventure': 1720, 'Moddable': 1719, 'Action-Adventure': 1711, 'Gore': 1709, 'Retro': 1708, 'Difficult': 1697, 'PvP': 1694}"
80,Counter-Strike: Condition Zero,Valve,Valve,,18652,1817,0,"5,000,000 .. 10,000,000",473,0,36,0,999.0,999.0,0.0,"English, French, German, Italian, Spanish - Spain, Simplified Chinese, Traditional Chinese, Korean",Action,486,"{'Action': 1358, 'FPS': 1013, 'Shooter': 748, 'Multiplayer': 605, 'First-Person': 461, 'Singleplayer': 395, 'Classic': 392, 'Tactical': 369, 'Team-Based': 313, 'Competitive': 301, 'Strategy': 175, 'Online Co-Op': 175, 'Military': 174, 'Adventure': 87, 'Survival': 70, 'Atmospheric': 61, 'Old School': 43, 'Open World': 43, 'Simulation': 39, 'Dark': 39}"
130,Half-Life: Blue Shift,Gearbox Software,Valve,,9467,902,0,"10,000,000 .. 20,000,000",587,0,191,0,499.0,499.0,0.0,"English, French, German",Action,61,"{'FPS': 457, 'Action': 283, 'Sci-fi': 213, 'Singleplayer': 192, 'Shooter': 173, 'Aliens': 150, 'Classic': 139, 'First-Person': 138, 'Zombies': 91, 'Adventure': 89, ""1990's"": 79, 'Short': 74, 'Atmospheric': 69, 'Silent Protagonist': 49, 'Story Rich': 45, 'Puzzle': 23, 'Moddable': 22, 'Great Soundtrack': 21, 'Retro': 19, 'Old School': 10}"
220,Half-Life 2,Valve,Valve,,134925,3580,0,"10,000,000 .. 20,000,000",1038,900,349,1220,999.0,999.0,0.0,"English, French, German, Italian, Korean, Spanish - Spain, Russian, Simplified Chinese, Traditional Chinese, Dutch, Danish, Finnish, Japanese, Norwegian, Polish, Portuguese, Swedish, Thai",Action,1177,"{'FPS': 3871, 'Action': 2753, 'Sci-fi': 2402, 'Classic': 2195, 'Singleplayer': 2125, 'Story Rich': 1827, 'Shooter': 1644, 'First-Person': 1535, 'Adventure': 1313, 'Dystopian ': 1157, 'Atmospheric': 1075, 'Zombies': 976, 'Silent Protagonist': 958, 'Physics': 930, 'Aliens': 896, 'Great Soundtrack': 885, 'Horror': 708, 'Puzzle': 689, 'Multiplayer': 642, 'Moddable': 467}"
240,Counter-Strike: Source,Valve,Valve,,130012,5175,0,"10,000,000 .. 20,000,000",7762,101,667,65,999.0,999.0,0.0,"English, French, German, Italian, Japanese, Korean, Spanish - Spain, Russian, Simplified Chinese, Traditional Chinese, Thai, Turkish",Action,7752,"{'Shooter': 5235, 'Action': 3139, 'FPS': 3103, 'Multiplayer': 2471, 'Team-Based': 1659, 'First-Person': 1451, 'Tactical': 1309, 'Competitive': 1301, 'PvP': 1001, 'e-sports': 910, 'Military': 739, 'War': 638, 'Strategy': 510, 'Moddable': 486, 'Singleplayer': 387, 'Difficult': 381, 'Atmospheric': 296, 'Survival': 281, 'Simulation': 244, 'Sandbox': 202}"
280,Half-Life: Source,Valve,Valve,,7781,2823,0,"2,000,000 .. 5,000,000",352,2,105,2,999.0,999.0,0.0,"English, French, German, Italian, Japanese, Spanish - Spain, Russian, Simplified Chinese, Traditional Chinese, Thai, Korean",Action,68,"{'FPS': 378, 'Action': 283, 'Classic': 224, 'Sci-fi': 205, 'Singleplayer': 190, 'Shooter': 172, 'First-Person': 171, 'Aliens': 142, ""1990's"": 115, 'Zombies': 114, 'Story Rich': 113, 'Adventure': 94, 'Remake': 84, 'Atmospheric': 81, 'Silent Protagonist': 55, 'Multiplayer': 54, 'Horror': 52, 'Moddable': 41, 'Great Soundtrack': 39, 'Gore': 15}"
300,Day of Defeat: Source,Valve,Valve,,15823,1564,0,"5,000,000 .. 10,000,000",956,142,189,142,999.0,999.0,0.0,English,Action,545,"{'FPS': 621, 'World War II': 474, 'Multiplayer': 340, 'Action': 313, 'Shooter': 287, 'Military': 233, 'Team-Based': 232, 'War': 217, 'First-Person': 172, 'Historical': 142, 'Class-Based': 137, 'Classic': 127, 'Tactical': 110, 'Realistic': 94, 'Online Co-Op': 62, 'Strategy': 45, 'Gore': 43, 'Massively Multiplayer': 32, 'Simulation': 29, 'Comedy': 19}"
320,Half-Life 2: Deathmatch,Valve,Valve,,9325,1020,0,"10,000,000 .. 20,000,000",677,45,39,47,499.0,499.0,0.0,English,Action,212,"{'Action': 863, 'FPS': 478, 'Multiplayer': 403, 'Shooter': 257, 'First-Person': 238, 'Sci-fi': 180, 'Physics': 174, 'Competitive': 136, 'Funny': 103, 'Co-op': 93, 'Old School': 86, 'PvP': 61, 'Arena Shooter': 46, 'Atmospheric': 38, 'Moddable': 38, 'Adventure': 29, 'Great Soundtrack': 22, 'Singleplayer': 16, 'Online Co-Op': 9, 'Mod': 8}"
340,Half-Life 2: Lost Coast,Valve,Valve,,8853,1236,0,"20,000,000 .. 50,000,000",64,24,26,31,0.0,0.0,0.0,"English, French, German, Italian, Spanish - Spain, Russian, Simplified Chinese, Traditional Chinese, Korean",Action,31,"{'FPS': 1019, 'Action': 357, 'Singleplayer': 303, 'First-Person': 248, 'Sci-fi': 244, 'Shooter': 220, 'Short': 214, 'Aliens': 116, 'Dystopian ': 110, 'Classic': 106, 'Adventure': 103, 'Atmospheric': 90, 'Benchmark': 89, 'Futuristic': 87, 'Silent Protagonist': 81, 'Free to Play': 54, 'Multiplayer': 38, 'Post-apocalyptic': 38, 'Story Rich': 36, 'Great Soundtrack': 32}"
360,Half-Life Deathmatch: Source,Valve,Valve,,2340,775,0,"5,000,000 .. 10,000,000",203,14,15,14,999.0,999.0,0.0,English,Action,12,"{'Action': 241, 'FPS': 158, 'Multiplayer': 121, 'Shooter': 95, 'Sci-fi': 85, 'First-Person': 74, 'Classic': 69, 'Remake': 24, 'Adventure': 15, 'Horror': 10, 'Competitive': 10, 'Fast-Paced': 9, 'Atmospheric': 8, 'Singleplayer': 6}"
380,Half-Life 2: Episode One,Valve,Valve,,18987,895,0,"2,000,000 .. 5,000,000",477,105,196,135,799.0,799.0,0.0,"English, French, German, Italian, Korean, Spanish - Spain, Russian, Simplified Chinese, Traditional Chinese, Dutch, Danish, Finnish, Japanese, Norwegian, Polish, Portuguese, Swedish, Thai",Action,177,"{'FPS': 717, 'Action': 514, 'Sci-fi': 452, 'Singleplayer': 391, 'First-Person': 301, 'Story Rich': 301, 'Shooter': 290, 'Classic': 265, 'Dystopian ': 226, 'Adventure': 217, 'Aliens': 215, 'Zombies': 213, 'Episodic': 162, 'Atmospheric': 159, 'Silent Protagonist': 150, 'Great Soundtrack': 148, 'Short': 139, 'Puzzle': 111, 'Cinematic': 91, 'Moddable': 68}"
400,Portal,Valve,Valve,,101120,1608,0,"10,000,000 .. 20,000,000",451,100,181,174,999.0,999.0,0.0,"English, French, German, Russian, Danish, Dutch, Finnish, Italian, Japanese, Norwegian, Polish, Portuguese, Simplified Chinese, Spanish - Spain, Swedish, Traditional Chinese, Korean",Action,528,"{'Puzzle': 3967, 'Puzzle-Platformer': 2999, 'First-Person': 2345, '3D Platformer': 2341, 'Singleplayer': 1982, 'Sci-fi': 1843, 'Comedy': 1507, 'Female Protagonist': 1415, 'Action': 992, 'Funny': 988, 'Physics': 963, 'Story Rich': 797, 'Classic': 775, 'Platformer': 763, 'Science': 705, 'Atmospheric': 610, 'FPS': 603, 'Short': 585, 'Adventure': 575, 'Dark Humor': 557}"
420,Half-Life 2: Episode Two,Valve,Valve,,27265,878,0,"5,000,000 .. 10,000,000",658,45,275,45,799.0,799.0,0.0,"English, French, German, Russian, Danish, Dutch, Finnish, Italian, Japanese, Korean, Norwegian, Polish, Portuguese, Simplified Chinese, Spanish - Spain, Swedish, Traditional Chinese",Action,261,"{'FPS': 897, 'Action': 662, 'Sci-fi': 550, 'Singleplayer': 486, 'Shooter': 427, 'Story Rich': 380, 'First-Person': 372, 'Classic': 340, 'Adventure': 302, 'Aliens': 281, 'Atmospheric': 253, 'Zombies': 248, 'Silent Protagonist': 232, 'Great Soundtrack': 203, 'Dystopian ': 200, 'Post-apocalyptic': 184, 'Episodic': 153, 'Puzzle': 146, 'Horror': 130, 'Multiplayer': 86}"
440,Team Fortress 2,Valve,Valve,,792539,53315,0,"50,000,000 .. 100,000,000",9705,636,384,226,0.0,0.0,0.0,"English, Danish, Dutch, Finnish, French, German, Italian, Japanese, Norwegian, Polish, Portuguese, Russian, Simplified Chinese, Spanish - Spain, Swedish, Traditional Chinese, Korean, Czech, Hungarian, Portuguese - Brazil, Turkish, Greek, Bulgarian, Romanian, Thai, Ukrainian","Action, Free to Play",71402,"{'Free to Play': 61321, 'Hero Shooter': 60487, 'Multiplayer': 21735, 'FPS': 14575, 'Shooter': 11898, 'Action': 11401, 'Class-Based': 8987, 'Team-Based': 8621, 'Funny': 8457, 'First-Person': 7247, 'Online Co-Op': 6774, 'Competitive': 6622, 'Cartoony': 6610, 'Trading': 6404, 'Co-op': 5338, 'Comedy': 4776, 'Robots': 4283, 'Tactical': 3664, 'Cartoon': 3577, 'Crafting': 3414}"
500,Left 4 Dead,Valve,Valve,,37800,1528,0,"2,000,000 .. 5,000,000",916,20,144,20,999.0,999.0,0.0,"English, French, German, Spanish - Spain, Russian, Danish, Dutch, Finnish, Italian, Japanese, Norwegian, Polish, Portuguese, Simplified Chinese, Swedish, Traditional Chinese, Korean",Action,679,"{'Zombies': 2036, 'Co-op': 1280, 'Multiplayer': 1117, 'FPS': 1096, 'Action': 950, 'Horror': 760, 'Shooter': 753, 'Online Co-Op': 742, 'Team-Based': 600, 'Survival': 594, 'First-Person': 561, 'Post-apocalyptic': 492, 'Singleplayer': 387, 'Atmospheric': 292, 'Adventure': 279, 'Moddable': 263, 'Tactical': 259, 'Replay Value': 235, 'Competitive': 233, 'Female Protagonist': 206}"
550,Left 4 Dead 2,Valve,Valve,,575830,15264,0,"20,000,000 .. 50,000,000",2089,343,537,109,999.0,999.0,0.0,"English, Danish, Dutch, Finnish, French, German, Italian, Japanese, Korean, Norwegian, Polish, Portuguese, Russian, Simplified Chinese, Spanish - Spain, Swedish, Traditional Chinese, Hungarian, Turkish, Bulgarian, Czech, Greek, Portuguese - Brazil, Romanian, Spanish - Latin America, Thai, Ukrainian, Vietnamese",Action,20328,"{'Zombies': 20331, 'Co-op': 10660, 'FPS': 9502, 'Multiplayer': 8697, 'Shooter': 6605, 'Action': 6337, 'Online Co-Op': 6270, 'Survival': 5231, 'Horror': 4864, 'First-Person': 4224, 'Gore': 3890, 'Team-Based': 3321, 'Moddable': 2714, 'Survival Horror': 2714, 'Post-apocalyptic': 2632, 'Singleplayer': 2151, 'Adventure': 1990, 'Local Co-Op': 1907, 'Replay Value': 1874, 'Tactical': 1839}"
570,Dota 2,Valve,Valve,,1398684,273412,0,"100,000,000 .. 200,000,000",37809,1523,932,798,0.0,0.0,0.0,"English, Bulgarian, Czech, Danish, Dutch, Finnish, French, German, Greek, Hungarian, Italian, Japanese, Korean, Norwegian, Polish, Portuguese, Portuguese - Brazil, Romanian, Russian, Simplified Chinese, Spanish - Spain, Swedish, Thai, Traditional Chinese, Turkish, Ukrainian, Spanish - Latin America, Vietnamese","Action, Free to Play, Strategy",615508,"{'Free to Play': 58240, 'MOBA': 19355, 'Multiplayer': 14578, 'Strategy': 13614, 'e-sports': 11068, 'Team-Based': 10446, 'Competitive': 7799, 'Action': 7579, 'Online Co-Op': 7075, 'PvP': 5618, 'Difficult': 4957, 'Co-op': 3976, 'RTS': 3832, 'Tower Defense': 3527, 'Fantasy': 3491, 'RPG': 3486, 'Character Customization': 2695, 'Replay Value': 2599, 'Action RPG': 2265, 'Simulation': 1781}"
620,Portal 2,Valve,Valve,,281011,3427,0,"10,000,000 .. 20,000,000",1052,161,513,220,199.0,199.0,0.0,"English, French, German, Spanish - Spain, Czech, Danish, Dutch, Finnish, Hungarian, Italian, Japanese, Korean, Norwegian, Polish, Portuguese, Romanian, Russian, Simplified Chinese, Swedish, Thai, Traditional Chinese, Turkish","Action, Adventure",2793,"{'Platformer': 7077, 'Puzzle': 6674, 'Dark Humor': 6633, 'First-Person': 6595, 'Puzzle-Platformer': 6590, 'Story Rich': 6573, 'Funny': 6496, 'Female Protagonist': 6492, '3D Platformer': 6467, 'Action-Adventure': 6408, 'FPS': 6369, 'Action': 6364, 'Co-op': 4969, 'Physics': 4722, 'Level Editor': 4589, 'Sci-fi': 4562, 'Science': 4496, 'Atmospheric': 4481, 'Comedy': 4481, 'Adventure': 4434}"
630,Alien Swarm,Valve,Valve,,18935,1044,0,"2,000,000 .. 5,000,000",328,0,78,0,0.0,0.0,0.0,English,Action,64,"{'Free to Play': 3684, 'Co-op': 756, 'Action': 585, 'Multiplayer': 526, 'Aliens': 456, 'Online Co-Op': 456, 'Shooter': 440, 'Sci-fi': 385, 'Top-Down': 356, 'Top-Down Shooter': 326, 'Survival': 233, 'Third Person': 200, 'Class-Based': 199, 'PvE': 198, 'Team-Based': 194, 'Third-Person Shooter': 162, 'Moddable': 137, 'Singleplayer': 117, 'Strategy': 110, 'Adventure': 107}"
730,Counter-Strike: Global Offensive,"Valve, Hidden Path Entertainment",Valve,,5472091,733433,0,"50,000,000 .. 100,000,000",28266,710,6106,260,0.0,0.0,0.0,"English, Czech, Danish, Dutch, Finnish, French, German, Hungarian, Italian, Japanese, Korean, Norwegian, Polish, Portuguese, Portuguese - Brazil, Romanian, Russian, Simplified Chinese, Spanish - Spain, Swedish, Thai, Traditional Chinese, Turkish, Bulgarian, Ukrainian, Greek, Spanish - Latin America, Vietnamese","Action, Free to Play",821347,"{'FPS': 87303, 'Shooter': 62660, 'Multiplayer': 59847, 'Competitive': 51290, 'Action': 45833, 'Team-Based': 44784, 'e-sports': 41665, 'Tactical': 39928, 'First-Person': 37927, 'PvP': 33092, 'Online Co-Op': 32807, 'Co-op': 29250, 'Strategy': 29113, 'Military': 27762, 'War': 27189, 'Difficult': 25271, 'Trading': 24845, 'Realistic': 24658, 'Fast-Paced': 24628, 'Moddable': 5913}"
1002,Rag Doll Kung Fu,Mark Healey,Mark Healey,,54,21,0,"20,000 .. 50,000",64,0,64,0,99.0,99.0,0.0,English,Indie,0,"{'2D Fighter': 45, 'Martial Arts': 39, 'Multiplayer': 30, 'Intentionally Awkward Controls': 29, 'Physics': 28, 'Indie': 28, 'Singleplayer': 27, 'Action': 26, 'Fighting': 26, '2D': 18}"
1200,Red Orchestra: Ostfront 41-45,Tripwire Interactive,Tripwire Interactive,,1917,284,0,"500,000 .. 1,000,000",622,0,133,0,499.0,499.0,0.0,"English, French, Russian",Action,9,"{'World War II': 152, 'Action': 125, 'FPS': 118, 'Realistic': 94, 'Multiplayer': 84, 'Singleplayer': 79, 'Shooter': 71, 'War': 63, 'Tactical': 62, 'Military': 59, 'Simulation': 45, 'Historical': 42, 'Team-Based': 34, 'Classic': 29, 'Strategy': 23, 'Atmospheric': 20, 'First-Person': 11, 'Survival': 8, 'Tanks': 8}"
1250,Killing Floor,Tripwire Interactive,Tripwire Interactive,,59965,3178,0,"2,000,000 .. 5,000,000",1732,60,289,60,1999.0,1999.0,0.0,"English, French, Italian, German, Spanish - Spain, Hungarian, Polish, Russian",Action,320,"{'FPS': 1620, 'Zombies': 1595, 'Co-op': 1484, 'Survival': 1168, 'Horror': 1030, 'Action': 1017, 'Multiplayer': 997, 'Online Co-Op': 901, 'Gore': 767, 'Shooter': 732, 'Team-Based': 532, 'First-Person': 466, 'Survival Horror': 373, 'Moddable': 335, 'Great Soundtrack': 267, 'Class-Based': 221, 'Singleplayer': 213, 'Difficult': 210, 'Comedy': 142, 'Adventure': 136}"
1300,SiN Episodes: Emergence,Ritual Entertainment,Ritual Entertainment,,733,91,0,"100,000 .. 200,000",34,0,34,0,999.0,999.0,0.0,"English, Russian, French",Action,1,"{'Action': 114, 'FPS': 70, 'Cyberpunk': 48, 'Sci-fi': 34, 'Classic': 30, 'Shooter': 30, 'Singleplayer': 22, 'First-Person': 18, 'Episodic': 16, 'Short': 12, 'Old School': 10, 'Gore': 8, 'Great Soundtrack': 7, 'Futuristic': 7}"
1313,SiN: Gold,"Ritual Entertainment, Nightdive Studios",Nightdive Studios,,216,33,0,"50,000 .. 100,000",4,0,4,0,999.0,999.0,0.0,"English, French",Action,2,"{'Action': 161, 'Cult Classic': 24, 'FPS': 22, 'Shooter': 19, 'Multiplayer': 19, 'Singleplayer': 18, 'Horror': 17, 'First-Person': 17, 'Violent': 17, ""1990's"": 11, 'Classic': 8, 'Retro': 7, 'Cyberpunk': 6}"
1500,Darwinia,Introversion Software,Introversion Software,,596,180,0,"500,000 .. 1,000,000",148,0,215,0,999.0,999.0,0.0,"English, German, French, Italian, Spanish - Spain","Indie, Strategy",4,"{'Strategy': 121, 'Indie': 101, 'RTS': 63, 'Singleplayer': 48, 'Retro': 42, 'Story Rich': 15, 'Action': 13, 'Top-Down': 8, 'Atmospheric': 6}"
1510,Uplink,Introversion Software,Introversion Software,,1910,186,0,"500,000 .. 1,000,000",55,0,37,0,999.0,999.0,0.0,English,"Indie, Strategy",9,"{'Hacking': 217, 'Indie': 156, 'Strategy': 144, 'Singleplayer': 114, 'Cyberpunk': 107, 'Great Soundtrack': 58, 'Simulation': 57, 'Classic': 53, 'Sci-fi': 47, 'Real-Time with Pause': 41, '2D': 38, 'Experimental': 32, 'Atmospheric': 29, 'Story Rich': 27, 'Addictive': 22, 'Perma Death': 8, 'Rogue-like': 8, 'Puzzle': 8, 'Programming': 5, 'Text-Based': 5}"
1520,DEFCON,Introversion Software,Introversion Software,,2837,439,0,"500,000 .. 1,000,000",81,0,55,0,999.0,999.0,0.0,"English, French, German, Italian, Spanish - Spain","Indie, Strategy",23,"{'Strategy': 270, 'Indie': 167, 'Wargame': 125, 'Cold War': 115, 'Multiplayer': 107, 'Psychological Horror': 70, 'Real-Time with Pause': 59, 'Simulation': 58, 'Atmospheric': 57, 'RTS': 56, 'War': 54, '2D': 39, 'Diplomacy': 39, 'Tactical': 35, 'Great Soundtrack': 30, 'Singleplayer': 29, 'Horror': 22, 'Dark': 18, 'Addictive': 17, 'Military': 12}"
1530,Multiwinia,Introversion Software,Introversion Software,,416,89,0,"500,000 .. 1,000,000",19,0,15,0,999.0,999.0,0.0,"English, French, Italian, German, Spanish - Spain",Indie,1,"{'Indie': 57, 'RTS': 35, 'Strategy': 33, 'Multiplayer': 26, 'Singleplayer': 12, 'Retro': 11}"
1600,Dangerous Waters,Sonalysts,Strategy First,,235,71,0,"50,000 .. 100,000",1,0,1,0,1499.0,1499.0,0.0,English,Strategy,6,"{'Strategy': 38, 'Naval Combat': 30, 'Simulation': 23, 'Naval': 19, 'Submarine': 10, 'Multiplayer': 9, 'Military': 7}"
1610,Space Empires IV Deluxe,Malfador Machinations,Strategy First,,170,35,0,"50,000 .. 100,000",405,0,800,0,399.0,1999.0,80.0,English,Strategy,26,"{'Strategy': 65, '4X': 45, 'Sci-fi': 30, 'Space': 25, 'Turn-Based Strategy': 20, 'Turn-Based': 19, 'Singleplayer': 11}"
1620,Jagged Alliance 2 Gold,Strategy First,Strategy First,,0,0,0,"0 .. 20,000",0,0,0,0,1999.0,1999.0,0.0,English,Strategy,0,[]
1630,Disciples II: Rise of the Elves ,Strategy First,Strategy First,,835,146,0,"50,000 .. 100,000",199,0,199,0,699.0,699.0,0.0,English,Strategy,37,"{'Strategy': 64, 'Turn-Based Strategy': 52, 'Classic': 31, 'Turn-Based': 30, 'Fantasy': 30, 'Dark Fantasy': 19, 'Atmospheric': 17, 'RPG': 15, 'Great Soundtrack': 13}"
1640,Disciples II: Gallean's Return,Strategy First,Strategy First,,873,207,0,"50,000 .. 100,000",17,0,24,0,699.0,699.0,0.0,English,Strategy,33,"{'Turn-Based Strategy': 85, 'Strategy': 76, 'Classic': 47, 'Atmospheric': 38, 'Dark Fantasy': 37, 'Turn-Based': 31, 'Fantasy': 31, 'RPG': 22, 'Tactical': 21, 'Gothic': 20, 'Multiplayer': 14, 'Great Soundtrack': 13, 'Isometric': 8, 'Singleplayer': 6}"
1670,Iron Warriors: T - 72 Tank Command ,Strategy First,Strategy First,,162,104,0,"20,000 .. 50,000",0,0,0,0,99.0,499.0,80.0,English,Strategy,0,"{'Simulation': 36, 'Strategy': 33, 'Tanks': 23, 'Military': 10, 'Singleplayer': 5}"
1690,Space Empires V,Malfador Machinations,Strategy First,,264,115,0,"50,000 .. 100,000",55,0,55,0,399.0,1999.0,80.0,English,Strategy,11,"{'Strategy': 51, '4X': 32, 'Space': 25, 'Turn-Based': 21, 'Sci-fi': 21, 'Singleplayer': 13, 'Turn-Based Strategy': 11, 'Multiplayer': 7}"
1700,Arx Fatalis,Arkane Studios,Arkane Studios,,1245,177,0,"200,000 .. 500,000",36,0,23,0,499.0,499.0,0.0,"English, French, German, Italian, Spanish - Spain, Russian",RPG,29,"{'RPG': 213, 'First-Person': 118, 'Classic': 106, 'Atmospheric': 102, 'Dark Fantasy': 97, 'Fantasy': 95, 'Singleplayer': 81, 'Immersive Sim': 70, 'Underground': 59, 'Adventure': 53, 'Action': 48, 'Story Rich': 41, 'Exploration': 36, 'Magic': 34, 'Dungeon Crawler': 33, 'Horror': 26, 'Action RPG': 23, 'Open World': 15, 'Stealth': 15, 'Inventory Management': 8}"
1900,Earth 2160,Reality Pump Studios,"Topware Interactive, ACE",,828,355,0,"500,000 .. 1,000,000",886,0,424,0,499.0,499.0,0.0,"English, French, German, Spanish - Spain, Italian, Czech, Polish, Russian",Strategy,19,"{'Base-Building': 958, 'Space': 953, 'RTS': 948, 'Real-Time': 948, 'Action RPG': 940, 'Strategy': 936, 'Post-apocalyptic': 124, 'Historical': 120, 'Action': 118, 'Simulation': 117, 'Pixel Graphics': 111, 'Sci-fi': 107, 'Atmospheric': 96, 'Aliens': 92, 'Futuristic': 90, 'Resource Management': 79, 'Co-op': 72, 'Multiplayer': 68, 'Singleplayer': 56, 'Tactical RPG': 42}"
1930,Two Worlds Epic Edition,Reality Pump Studios,Topware Interactive,,3683,1222,0,"1,000,000 .. 2,000,000",473,178,407,178,999.0,999.0,0.0,"English, French, German, Italian, Spanish - Spain, Czech, Polish, Russian",RPG,536,"{'RPG': 719, 'Open World': 133, 'Fantasy': 97, 'Third Person': 71, 'Singleplayer': 70, 'Multiplayer': 66, 'Adventure': 65, 'Action': 58, 'Medieval': 52, 'Action RPG': 50, 'Story Rich': 35, 'Character Customization': 27, 'Dark Fantasy': 20, 'Magic': 17, 'Hack and Slash': 14, 'Co-op': 12, 'Exploration': 8, 'Classic': 7, 'Female Protagonist': 5}"
2100,Dark Messiah of Might & Magic,Arkane Studios,Ubisoft,,7345,636,0,"1,000,000 .. 2,000,000",383,0,219,0,999.0,999.0,0.0,"English, French, German, Italian, Spanish - Spain","Action, RPG",72,"{'RPG': 486, 'First-Person': 420, 'Action': 397, 'Fantasy': 342, 'Swordplay': 225, 'Dark Fantasy': 225, 'Adventure': 222, 'Magic': 208, 'Classic': 167, 'Singleplayer': 140, 'Stealth': 135, 'Multiple Endings': 132, 'Story Rich': 108, 'Medieval': 104, 'Action RPG': 100, 'Atmospheric': 95, 'Gore': 82, 'Hack and Slash': 77, 'Multiplayer': 64, 'Immersive Sim': 56}"
2200,Quake III Arena,id Software,id Software,,2605,121,0,"200,000 .. 500,000",206,21,156,21,1499.0,1499.0,0.0,English,Action,30,"{'FPS': 219, 'Arena Shooter': 163, 'Action': 163, 'Classic': 157, 'Multiplayer': 144, 'Shooter': 98, 'Competitive': 91, ""1990's"": 86, 'First-Person': 73, 'Gore': 68, 'Fast-Paced': 58, 'Difficult': 49, 'Singleplayer': 41, 'Sci-fi': 39, 'Moddable': 39, 'e-sports': 31, 'Old School': 31, 'Atmospheric': 16, 'Retro': 7, 'Female Protagonist': 5}"
2210,Quake 4,RavenSoft / id Software,Bethesda Softworks,,1975,283,0,"200,000 .. 500,000",288,0,466,0,1499.0,1499.0,0.0,English,Action,18,"{'FPS': 139, 'Action': 118, 'Shooter': 83, 'Sci-fi': 80, 'Horror': 68, 'Singleplayer': 62, 'Classic': 59, 'Multiplayer': 57, 'Gore': 51, 'First-Person': 51, 'Fast-Paced': 45, 'Dark': 36, 'Atmospheric': 34, 'Arena Shooter': 23, 'Adventure': 13, 'Aliens': 8, 'Moddable': 7}"
2270,Wolfenstein 3D,id Software,Bethesda-Softworks,,2631,154,0,"200,000 .. 500,000",66,27,34,27,499.0,499.0,0.0,English,Action,11,"{'FPS': 196, 'Classic': 171, 'Action': 136, 'Retro': 103, 'World War II': 102, ""1990's"": 86, 'Singleplayer': 86, 'Old School': 79, 'First-Person': 72, 'Shooter': 68, 'Pixel Graphics': 39, 'Moddable': 24, '2.5D': 21, 'Cult Classic': 18, 'Difficult': 16, 'Gore': 15, 'War': 12, 'Great Soundtrack': 10, 'Adventure': 10, 'Funny': 6}"
2280,Ultimate Doom,id Software,id Software,,11066,416,0,"1,000,000 .. 2,000,000",296,8,35,8,499.0,499.0,0.0,"English, French, Italian, German, Spanish - Spain",Action,67,"{'Classic': 430, 'FPS': 428, 'Action': 274, ""1990's"": 256, 'Great Soundtrack': 224, 'Retro': 204, 'Demons': 191, 'Old School': 181, 'Shooter': 177, 'Singleplayer': 173, 'Gore': 162, 'Moddable': 161, 'First-Person': 159, 'Sci-fi': 135, 'Fast-Paced': 135, 'Violent': 122, 'Multiplayer': 106, '2.5D': 101, 'Difficult': 89, 'Horror': 67}"
2290,Final DOOM,id Software,id Software,,970,167,0,"200,000 .. 500,000",730,1,10,1,499.0,499.0,0.0,English,Action,4,"{'FPS': 123, 'Action': 107, 'Classic': 104, 'Retro': 71, 'Shooter': 69, 'Singleplayer': 54, ""1990's"": 52, 'First-Person': 52, 'Moddable': 43, 'Sci-fi': 43, 'Difficult': 42, 'Gore': 37, 'Great Soundtrack': 35, 'Multiplayer': 35, 'Demons': 33, 'Old School': 33, 'Zombies': 32, 'Horror': 24, 'Atmospheric': 13, 'Online Co-Op': 12}"
2300,DOOM II,id Software,id Software,,5607,303,0,"500,000 .. 1,000,000",187,41,32,41,499.0,499.0,0.0,"English, French, Italian, German, Spanish - Spain",Action,63,"{'Classic': 277, 'FPS': 263, 'Action': 189, ""1990's"": 154, 'Shooter': 148, 'Retro': 144, 'Demons': 133, 'Gore': 115, 'Violent': 109, 'First-Person': 109, 'Moddable': 108, 'Old School': 104, 'Sci-fi': 97, 'Singleplayer': 88, 'Multiplayer': 83, 'Great Soundtrack': 80, 'Pixel Graphics': 77, 'Horror': 69, 'Zombies': 66, 'Online Co-Op': 44}"
2310,QUAKE,"id Software, Nightdive Studios, MachineGames",Bethesda Softworks,,9286,402,0,"1,000,000 .. 2,000,000",918,29,124,40,999.0,999.0,0.0,"English, French, Italian, German, Spanish - Spain, Russian",Action,135,"{'FPS': 368, 'Classic': 332, 'Action': 229, 'Shooter': 203, ""1990's"": 152, 'Singleplayer': 150, 'Multiplayer': 144, 'Lovecraftian': 138, 'Gore': 127, 'First-Person': 122, 'Old School': 122, 'Retro': 100, 'Horror': 99, 'Great Soundtrack': 94, 'Fast-Paced': 84, 'Moddable': 84, 'Sci-fi': 80, 'Atmospheric': 80, 'Competitive': 39, 'Co-op': 37}"
2320,QUAKE II,id Software,id Software,,2924,259,0,"200,000 .. 500,000",305,0,137,0,499.0,499.0,0.0,English,Action,27,"{'FPS': 166, 'Classic': 135, 'Action': 133, 'Shooter': 78, 'Sci-fi': 77, ""1990's"": 71, 'Great Soundtrack': 71, 'Singleplayer': 69, 'Multiplayer': 55, 'Gore': 54, 'First-Person': 50, 'Retro': 44, 'Fast-Paced': 39, 'Moddable': 39, 'Old School': 30, 'Arena Shooter': 26, 'Co-op': 24, 'Atmospheric': 20, 'Horror': 16, 'Aliens': 10}"
2330,QUAKE II Mission Pack: The Reckoning,Xatrix Entertainment,id Software,,142,33,0,"200,000 .. 500,000",7,0,7,0,299.0,299.0,0.0,English,Action,1,"{'Action': 58, 'Shooter': 24, 'FPS': 19, 'First-Person': 18, 'Classic': 10}"
2340,QUAKE II Mission Pack: Ground Zero,Rogue Entertainment,id Software,,121,79,0,"50,000 .. 100,000",1,0,1,0,299.0,299.0,0.0,English,Action,0,"{'Action': 46, 'FPS': 19, 'Shooter': 9, 'Classic': 7, 'First-Person': 5}"
2350,QUAKE III: Team Arena,id Software,id Software,,188,46,0,"500,000 .. 1,000,000",4,0,7,0,1499.0,1499.0,0.0,English,Action,5,"{'Action': 76, 'Shooter': 41, 'FPS': 31, 'First-Person': 27, 'Competitive': 20, 'Multiplayer': 17, 'Classic': 14, 'Fast-Paced': 14, 'Arena Shooter': 10}"
2360,HeXen: Beyond Heretic,Raven Software,id Software,,444,53,0,"200,000 .. 500,000",3,0,3,0,499.0,499.0,0.0,English,Action,2,"{'Action': 81, 'Fantasy': 54, 'Shooter': 53, 'FPS': 49, 'Classic': 45, 'First-Person': 38, 'Dark Fantasy': 35, 'Retro': 32, 'Old School': 26, 'Dark': 26, ""1990's"": 22, 'Class-Based': 19, 'Singleplayer': 16, 'RPG': 9, 'Magic': 8, 'Gothic': 8, 'Puzzle': 7}"
2370,HeXen: Deathkings of the Dark Citadel,Raven Software,id Software,,104,27,0,"50,000 .. 100,000",0,0,0,0,499.0,499.0,0.0,English,Action,5,"{'Action': 39, 'FPS': 24, 'Classic': 22, 'Shooter': 14, 'Fantasy': 13, 'Retro': 10, 'First-Person': 8, 'Singleplayer': 8, ""1990's"": 8, 'Dark Fantasy': 7}"
2390,Heretic: Shadow of the Serpent Riders,Raven Software,id Software,,724,40,0,"100,000 .. 200,000",10,0,14,0,499.0,499.0,0.0,English,Action,7,"{'Classic': 68, 'FPS': 66, 'Action': 55, 'Fantasy': 45, 'Shooter': 35, 'Retro': 33, 'Dark Fantasy': 32, 'Old School': 31, ""1990's"": 27, 'Singleplayer': 26, 'First-Person': 24, 'Multiplayer': 7, 'Magic': 7, 'Adventure': 6}"
2400,The Ship: Murder Party,Outerlight Ltd.,Blazing Griffin,,5028,832,0,"1,000,000 .. 2,000,000",246,0,184,0,999.0,999.0,0.0,"English, French, German, Italian, Spanish - Spain, Polish, Russian, Japanese","Action, Indie, RPG",4,"{'Multiplayer': 380, 'Indie': 174, 'First-Person': 151, 'Action': 149, 'Stealth': 135, 'RPG': 120, 'Mystery': 117, 'Assassin': 104, 'Funny': 81, 'Survival': 61, 'Simulation': 53, 'Singleplayer': 52, 'FPS': 51, 'Comedy': 50, 'Shooter': 44, 'Strategy': 42, 'Adventure': 41, 'Difficult': 30, 'Stylized': 28, 'Replay Value': 27}"
2420,The Ship: Single Player,Outerlight Ltd.,Blazing Griffin Ltd.,,624,265,0,"200,000 .. 500,000",152,0,114,0,999.0,999.0,0.0,"English, French, German, Italian, Spanish - Spain, Polish, Russian, Japanese","Action, Indie, RPG",1,"{'Action': 338, 'Indie': 49, 'RPG': 39, 'Singleplayer': 34, 'FPS': 19, 'First-Person': 11, 'Multiplayer': 5}"
2450,Bloody Good Time,Outerlight Ltd.,Ubisoft,,749,223,0,"100,000 .. 200,000",409,0,412,0,499.0,499.0,0.0,English,Action,2,"{'Action': 75, 'Multiplayer': 37, 'FPS': 35, 'Comedy': 28, 'Funny': 24, 'First-Person': 12, 'Shooter': 10, 'Gore': 8, 'Singleplayer': 6, 'Blood': 6}"
2500,Shadowgrounds,Frozenbyte,Frozenbyte,,1134,282,0,"200,000 .. 500,000",163,0,173,0,699.0,699.0,0.0,English,Action,3,"{'Top-Down Shooter': 168, 'Sci-fi': 163, 'Aliens': 160, 'Action': 156, 'Shooter': 128, 'Singleplayer': 122, 'Horror': 118, 'Top-Down': 118, 'Isometric': 113, 'Adventure': 108, 'Twin Stick Shooter': 101, 'Gore': 97, 'Indie': 93, ""Shoot 'Em Up"": 90, 'Dark': 88, 'PvE': 83, 'Combat': 75, 'Local Co-Op': 73, 'Co-op': 64, 'Multiplayer': 40}"
2520,Gumboy - Crazy Adventures,"CINEMAX, s.r.o.","CINEMAX, s.r.o.",,59,56,0,"50,000 .. 100,000",13,0,17,0,499.0,499.0,0.0,"English, Polish, Russian","Casual, Indie",0,"{'Casual': 36, 'Indie': 32, 'Physics': 28, 'Action': 26, 'Flight': 26, 'Platformer': 24, '2D': 19, '2D Platformer': 14, 'Singleplayer': 11}"
2540,RIP - Trilogy,Elephant Games,Dreamatrix,,213,146,0,"100,000 .. 200,000",11,0,11,0,499.0,499.0,0.0,English,"Casual, Indie",0,"{'Indie': 40, 'Casual': 37, 'Arcade': 17, 'Shooter': 15, 'Action': 13, '2D': 11, ""Shoot 'Em Up"": 8, 'Top-Down': 8, 'Co-op': 5, 'Singleplayer': 5, 'Top-Down Shooter': 5}"
2570,Vigil: Blood Bitterness,Freegamer,HeR Interactive,,29,117,0,"50,000 .. 100,000",3,0,3,0,0.0,0.0,0.0,English,"Indie, RPG",0,"{'Indie': 27, 'RPG': 22, 'Puzzle': 6, 'Singleplayer': 6, 'Adventure': 5}"
2590,Alpha Prime,Black Element,Bohemia Interactive,,721,609,0,"200,000 .. 500,000",75,0,92,0,499.0,499.0,0.0,English,Action,2,"{'Action': 84, 'FPS': 69, 'Sci-fi': 42, 'Shooter': 39, 'First-Person': 26, 'Singleplayer': 25, 'Space': 16, 'Difficult': 16}"
2600,Vampire: The Masquerade - Bloodlines,Troika Games,Activision,,10048,540,0,"500,000 .. 1,000,000",551,97,215,97,1999.0,1999.0,0.0,"English, French, German",Action,85,"{'RPG': 957, 'Vampire': 884, 'Cult Classic': 644, 'Singleplayer': 443, 'Supernatural': 376, 'Action': 361, 'Horror': 350, 'Dark': 339, 'Atmospheric': 330, 'Story Rich': 313, 'Classic': 302, 'Action RPG': 282, 'Great Soundtrack': 213, 'Gothic': 208, 'First-Person': 198, 'Immersive': 184, 'Female Protagonist': 180, 'Adventure': 141, 'Third Person': 136, 'Stealth': 130}"
2610,GUN,Neversoft,Activision,,1207,126,0,"100,000 .. 200,000",746,108,1022,108,1999.0,1999.0,0.0,English,Action,6,"{'Western': 129, 'Action': 85, 'Open World': 75, 'Third-Person Shooter': 55, 'Classic': 41, 'Singleplayer': 38, 'Adventure': 37, 'Shooter': 36, 'Atmospheric': 34, 'Third Person': 31, 'Story Rich': 26, 'Sandbox': 22, 'Gore': 16, 'Great Soundtrack': 15, 'Violent': 14, 'Cult Classic': 14, 'Bullet Time': 8, 'RPG': 7, 'Controller': 5}"
2620,Call of Duty,Infinity Ward,Activision,,3404,196,0,"200,000 .. 500,000",338,0,473,0,1999.0,1999.0,0.0,"English, German",Action,61,"{'FPS': 209, 'World War II': 193, 'Action': 173, 'Classic': 151, 'Shooter': 117, 'Multiplayer': 113, 'Singleplayer': 111, 'War': 101, 'Military': 83, 'First-Person': 82, 'Historical': 73, 'Atmospheric': 57, 'Linear': 50, 'America': 45, 'Story Rich': 31, 'Co-op': 16, 'Realistic': 15, 'Difficult': 12, 'Old School': 10, 'Simulation': 8}"
2630,Call of Duty 2,Infinity Ward,Activision,,5748,425,0,"2,000,000 .. 5,000,000",387,0,296,0,1999.0,1999.0,0.0,"English, French, German, Italian, Spanish - Spain",Action,253,"{'Action': 213, 'World War II': 203, 'FPS': 197, 'Multiplayer': 159, 'Singleplayer': 153, 'Shooter': 128, 'War': 117, 'Classic': 117, 'First-Person': 98, 'Historical': 87, 'Atmospheric': 56, 'Military': 53, 'Story Rich': 24, 'Co-op': 22, 'Adventure': 19, 'Controller': 16, 'Casual': 12, 'Zombies': 11, 'Online Co-Op': 10, 'Simulation': 9}"
2640,Call of Duty: United Offensive,Gray Matter Studios,Activision,,1042,157,0,"100,000 .. 200,000",50,0,75,0,1999.0,1999.0,0.0,"English, French, Italian",Action,33,"{'Action': 87, 'World War II': 82, 'FPS': 74, 'Multiplayer': 57, 'Singleplayer': 57, 'Shooter': 48, 'Military': 44, 'Classic': 38, 'Historical': 36, 'War': 30, 'First-Person': 23, 'Atmospheric': 13}"
2700,RollerCoaster Tycoon 3: Platinum,"Frontier, Aspyr (Mac)","Frontier, Aspyr (Mac)",,4371,431,0,"1,000,000 .. 2,000,000",978,0,417,0,0.0,0.0,0.0,"English, French, Italian, German, Spanish - Spain, Danish, Dutch, Finnish, Norwegian, Swedish","Simulation, Strategy",103,"{'Simulation': 306, 'Management': 270, 'Sandbox': 209, 'Building': 198, 'Strategy': 142, 'Singleplayer': 120, 'Economy': 88, 'Classic': 81, 'Real-Time with Pause': 71, 'Family Friendly': 55, 'Funny': 51, 'Moddable': 41, 'Multiplayer': 33, 'City Builder': 32, 'Great Soundtrack': 25, 'Open World': 25, 'Comedy': 24, 'Casual': 22, 'Free to Play': 17, 'Adventure': 11}"
2710,Act of War: Direct Action,Eugen Systems,THQ Nordic,,376,46,0,"100,000 .. 200,000",49,0,49,0,299.0,299.0,0.0,English,Action,6,"{'RTS': 84, 'Strategy': 48, 'Military': 35, 'Action': 34, 'War': 33, 'Multiplayer': 30, '3D': 27, 'Political': 27, 'Destruction': 27, 'Top-Down': 26, 'Real-Time': 21, 'Politics': 19, 'Singleplayer': 10}"
2720,ThreadSpace: Hyperbol,Iocaine Studios,2K,,35,11,0,"0 .. 20,000",0,0,0,0,99.0,99.0,0.0,English,"Action, Indie, Strategy",0,"{'Multiplayer': 29, 'Action': 26, 'Strategy': 25, 'Real-Time': 25, '3D': 25, 'Team-Based': 25, 'Indie': 22, 'Space': 5}"
2780,ARMA: Combat Operations,Bohemia Interactive,Bohemia Interactive,,164,75,0,"50,000 .. 100,000",0,0,0,0,799.0,799.0,0.0,English,Action,1,"{'Action': 47, 'Simulation': 19, 'FPS': 15, 'Shooter': 14, 'Tactical': 12, 'Military': 12, 'Realistic': 7, 'Open World': 5}"
2800,X2: The Threat,Egosoft,Egosoft,,314,65,0,"200,000 .. 500,000",30,0,30,0,499.0,499.0,0.0,"English, French, German, Italian, Spanish - Spain, Czech, Polish, Russian",Strategy,25,"{'Space': 69, 'Strategy': 57, 'Simulation': 52, 'Sci-fi': 42, 'Singleplayer': 36, 'Open World': 34, 'Economy': 34, 'Space Sim': 34, 'Sandbox': 32, 'Trading': 29, 'Action': 26, 'Flight': 17, 'Exploration': 14}"
2810,X3: Reunion,Egosoft,Egosoft,,388,150,0,"500,000 .. 1,000,000",4783,0,8426,0,999.0,999.0,0.0,"English, French, German, Spanish - Spain, Italian, Russian, Simplified Chinese, Traditional Chinese, Czech, Polish",Strategy,19,"{'Space': 122, 'Simulation': 92, 'Strategy': 82, 'Space Sim': 70, 'Sci-fi': 69, 'Sandbox': 65, 'Economy': 63, 'Singleplayer': 56, 'Open World': 44, 'Flight': 40, 'Action': 33, 'Trading': 32, 'Exploration': 13, '4X': 6}"
2820,X3: Terran Conflict,Egosoft,Egosoft,,2102,358,0,"500,000 .. 1,000,000",383,0,315,0,1599.0,1599.0,0.0,"English, French, German, Italian, Russian, Polish, Simplified Chinese, Traditional Chinese, Czech, Spanish - Spain, Japanese","Action, Simulation, Strategy",90,"{'Space': 348, 'Simulation': 248, 'Sandbox': 174, 'Sci-fi': 165, 'Strategy': 160, 'Space Sim': 147, 'Open World': 133, 'Trading': 129, 'Singleplayer': 125, 'Economy': 101, 'Action': 91, 'Capitalism': 56, 'Flight': 40, 'Great Soundtrack': 36, '4X': 33, 'Moddable': 33, 'Exploration': 31, 'Atmospheric': 21, 'Management': 10, 'Multiplayer': 8}"
2840,X: Beyond the Frontier,Egosoft,Egosoft,,211,75,0,"200,000 .. 500,000",123,0,131,0,499.0,499.0,0.0,"English, German","Simulation, Strategy",4,"{'Simulation': 68, 'Space': 55, 'Strategy': 46, 'Sci-fi': 39, 'Singleplayer': 33, 'Space Sim': 31, 'Trading': 29, 'Sandbox': 26, 'Economy': 26, 'Action': 21, 'Open World': 17, 'Flight': 17, 'Exploration': 14, 'Adventure': 8}"
2850,X: Tension,Egosoft,Egosoft,,77,26,0,"200,000 .. 500,000",3,0,3,0,499.0,499.0,0.0,"English, German","Simulation, Strategy",1,"{'Simulation': 57, 'Strategy': 39, 'Space': 36, 'Sci-fi': 30, 'Space Sim': 28, 'Sandbox': 22, 'Singleplayer': 22, 'Action': 20, 'Economy': 20, 'Open World': 8}"
2870,X Rebirth,Egosoft,Egosoft,,3050,4092,0,"200,000 .. 500,000",240,0,300,0,2999.0,2999.0,0.0,"English, German, Italian, Russian, Simplified Chinese, Traditional Chinese, French, Korean","Action, Simulation",34,"{'Simulation': 389, 'Space': 381, 'Sci-fi': 249, 'Action': 220, 'Space Sim': 149, 'Sandbox': 142, 'Singleplayer': 128, 'Open World': 101, 'Economy': 77, 'Trading': 49, 'Strategy': 34, 'Atmospheric': 26, 'Moddable': 25, 'Exploration': 25, 'Adventure': 21, 'Great Soundtrack': 13, 'Management': 10}"
2900,688(I) Hunter/Killer,Sonalysts,Strategy First,,112,37,0,"20,000 .. 50,000",0,0,0,0,999.0,999.0,0.0,English,Strategy,2,"{'Strategy': 29, 'Naval Combat': 26, 'Simulation': 19, 'Naval': 14, 'Submarine': 13}"
2910,Fleet Command,Sonalysts,Strategy First,,262,48,0,"20,000 .. 50,000",23,0,23,0,999.0,999.0,0.0,English,Strategy,18,"{'Wargame': 78, 'RTS': 65, 'Naval Combat': 52, 'Strategy': 46, 'Military': 31, 'War': 26, 'Naval': 26, 'Flight': 26, '3D': 25, 'Submarine': 25, 'Real-Time': 23, 'Underwater': 18, 'Simulation': 11}"
2920,Sub Command,Sonalysts,Strategy First,,71,21,0,"100,000 .. 200,000",0,0,0,0,999.0,999.0,0.0,English,Strategy,4,"{'Strategy': 206, 'Simulation': 200, 'Naval Combat': 197, 'Submarine': 194, 'Naval': 189, 'Military': 180, 'Underwater': 177, 'Exploration': 174, 'Wargame': 171, 'Realistic': 165, 'Cold War': 155, 'Old School': 142, 'Retro': 129, 'War': 115, 'Physics': 101, 'Multiplayer': 87, 'Singleplayer': 71, 'Difficult': 55, 'Indie': 40, 'Real-Time': 28}"
2990,FlatOut 2,Bugbear Entertainment,Strategy First,,11153,499,0,"200,000 .. 500,000",420,58,270,112,999.0,999.0,0.0,"English, French, German, Italian, Spanish - Spain, Dutch",Racing,132,"{'Racing': 369, 'Combat Racing': 366, 'Automobile Sim': 210, 'Destruction': 203, 'Multiplayer': 182, 'Vehicular Combat': 162, 'Great Soundtrack': 151, 'Classic': 140, 'Action': 98, 'Singleplayer': 89, 'Music': 69, 'Driving': 61, 'Arcade': 55, 'Physics': 51, 'Simulation': 40, 'Local Multiplayer': 35, 'Atmospheric': 30, 'Funny': 26, 'Comedy': 25, 'Casual': 24}"
3010,Xpand Rally,Techland,Techland,,264,72,0,"20,000 .. 50,000",34,0,34,0,89.0,499.0,82.0,English,Racing,4,"{'Racing': 39, 'Driving': 30, 'Automobile Sim': 26, 'Physics': 25, '3D': 25, 'Economy': 24, 'Multiplayer': 10, 'Singleplayer': 5}"
3020,Call of Juarez,Techland,Techland Publishing,,1776,404,0,"100,000 .. 200,000",893,0,947,0,249.0,999.0,75.0,"English, French, German, Spanish - Spain, Russian",Action,17,"{'Western': 138, 'Action': 101, 'FPS': 85, 'Shooter': 54, 'Singleplayer': 50, 'Adventure': 44, 'First-Person': 42, 'Atmospheric': 36, 'Multiplayer': 31, 'Stealth': 23, 'Story Rich': 20, 'Classic': 15, 'Open World': 13, 'Great Soundtrack': 9, 'Violent': 7}"
3050,Xpand Rally Xtreme,Techland,Techland,,180,65,0,"20,000 .. 50,000",698,0,698,0,89.0,499.0,82.0,English,Racing,0,"{'Racing': 49, 'Automobile Sim': 26, 'Offroad': 11, 'Simulation': 9, 'Multiplayer': 6}"
3130,Men of War: Red Tide,1C Entertainment,"1C Entertainment, 1C-SoftClub",,509,90,0,"200,000 .. 500,000",128,0,128,0,499.0,499.0,0.0,"English, Russian, German, French",Strategy,18,"{'Strategy': 61, 'World War II': 31, 'RTS': 26, 'Historical': 11, 'War': 10, 'Military': 9}"
3170,King's Bounty: Armored Princess,Katauri Interactive,1C Entertainment,,829,78,0,"500,000 .. 1,000,000",912,0,1640,0,999.0,999.0,0.0,"English, Russian, French, German, Spanish - Spain, Italian, Japanese, Traditional Chinese","RPG, Strategy",46,"{'RPG': 144, 'Strategy': 96, 'Turn-Based Strategy': 96, 'Fantasy': 65, 'Female Protagonist': 55, 'Turn-Based': 49, 'Hex Grid': 48, 'Singleplayer': 33, 'Adventure': 32, 'Tactical': 31, 'Open World': 26, 'Turn-Based Combat': 14, 'Tactical RPG': 13, 'Classic': 9, 'Great Soundtrack': 8}"
3230,Genesis Rising,Metamorf,THQ Nordic,,40,104,0,"20,000 .. 50,000",0,0,0,0,499.0,499.0,0.0,English,Strategy,0,"{'Strategy': 31, 'Space': 14, 'Sci-fi': 9, 'RTS': 7}"
3260,Safecracker: The Ultimate Puzzle Adventure,Kheops Studio,HandyGames,,305,221,0,"100,000 .. 200,000",108,0,116,0,499.0,499.0,0.0,"English, German, Italian, Spanish - Spain","Adventure, Casual",1,"{'Puzzle': 49, 'Adventure': 38, 'Casual': 31, 'Point & Click': 23, 'First-Person': 11}"
3270,Painkiller Overdose,Mindware Studios,Prime Matter,,631,219,0,"100,000 .. 200,000",2,0,2,0,499.0,499.0,0.0,"English, German",Action,6,"{'Action': 55, 'FPS': 33, 'Shooter': 19, 'Horror': 16, 'Multiplayer': 15, 'Gore': 14, 'Singleplayer': 12, 'First-Person': 10, 'Co-op': 5}"
3300,Bejeweled 2 Deluxe,"PopCap Games, Inc.","PopCap Games, Inc., Electronic Arts",,353,19,0,"50,000 .. 100,000",72,0,110,0,124.0,499.0,75.0,"English, French, German, Italian, Spanish - Spain",Casual,32,"{'Casual': 53, 'Puzzle': 27, 'Match 3': 27, 'Great Soundtrack': 12, 'Singleplayer': 12, 'Relaxing': 5}"
3310,Chuzzle Deluxe,"PopCap Games, Inc.","PopCap Games, Inc., Electronic Arts",,568,37,0,"50,000 .. 100,000",31,25,31,25,124.0,499.0,75.0,"English, French, German, Italian, Spanish - Spain",Casual,97,"{'Casual': 68, 'Puzzle': 33, 'Match 3': 23, 'Singleplayer': 13, 'Cute': 13, 'Funny': 6}"
3320,Insaniquarium Deluxe,"PopCap Games, Inc.","PopCap Games, Inc., Electronic Arts",,3227,120,0,"200,000 .. 500,000",133,115,180,115,124.0,499.0,75.0,English,Casual,70,"{'Casual': 102, 'Classic': 46, 'Singleplayer': 46, 'Underwater': 45, 'Clicker': 38, 'Simulation': 35, 'Cute': 33, 'Aliens': 31, 'Family Friendly': 24, 'Colorful': 23, 'Strategy': 22, 'Action': 20, 'Funny': 20, 'Point & Click': 17, 'Psychological Horror': 14, 'Relaxing': 14, 'Addictive': 11, 'Difficult': 10, 'Great Soundtrack': 10, 'Atmospheric': 8}"
3330,Zuma Deluxe,"PopCap Games, Inc.","PopCap Games, Inc., Electronic Arts",,2038,120,0,"200,000 .. 500,000",163,0,172,0,99.0,499.0,80.0,"English, French, German, Italian, Spanish - Spain",Casual,638,"{'Match 3': 146, 'Puzzle': 139, 'Arcade': 137, 'Strategy': 133, '2D': 129, 'Cute': 123, 'Funny': 121, 'Casual': 112, 'Colorful': 83, 'Family Friendly': 74, 'Physics': 67, 'Retro': 65, 'Singleplayer': 60, 'Indie': 58, 'Replay Value': 56, 'Classic': 52, 'Difficult': 41, 'Action': 37, 'Psychological Horror': 33, 'Addictive': 31}"
3340,AstroPop Deluxe,"PopCap Games, Inc.","PopCap Games, Inc.",,53,16,0,"20,000 .. 50,000",27,0,27,0,124.0,499.0,75.0,English,Casual,4,"{'Casual': 38, 'Puzzle': 8}"
